name,show,theme,img,primary,accessible,mobile_friendly,description,url,keywords,contact,notes
Northern Ireland local statistics explorer,TRUE,main,local-stats.png,geographic,TRUE,TRUE,"Find data on population, housing, health, education and more for your areas",https://explore.nisra.gov.uk/local-stats/,"council statistics, dea statistics, district electoral area, lgd, SDZ, super data zone, data zone, DZ, demography, town",,
Equality matters,TRUE,main,equality-matters.jpg,equality_deprivation,TRUE,TRUE,Assess differences between equality groups for key statistics across NISRA,https://explore.nisra.gov.uk/equality-matters/,"equality data, equality statistics, s75, section 75, protected characteristics, age group, sex, marital status, disability, religious belief, sexual orientation, dependent status, ethnic group, ethnicity, political opinion, eqia, equality assessment, equality impact assessment",,
Data explorer,TRUE,main,data-explorer.png,database_lookup,TRUE,TRUE,"Download and view maps, charts and tables of NISRA data",https://explore.nisra.gov.uk/data-explorer/,"data search, data explore, topics, subjects, theme, subtheme, table, chart, graph, view data, view statistics",,
Census area explorer,TRUE,main,census-area-explorer.png,geographic,TRUE,TRUE,"Use a map to explore recent Census data on people, housing, health, culture, work and more.",https://explore.nisra.gov.uk/area-explorer-2021/,"census, census 2021, census data, explore census, demography, demographics, country of birth, nationality, language, religion, ethnicity, health, housing, households, marital status, sexual orientation, qualifications, migration, travel to work",,
Government wellbeing framework,TRUE,main,pfg-wellbeing.jpg,policy_specific,TRUE,,View progress towards key indicators of wellbeing in our society,https://datavis.nisra.gov.uk/executiveofficeni/pfg_wellbeing_dashboard.html,"PfG, programme for government, wellbeing dashboard, wellbeing framework, thriving children, cleaner environment, equal society, healthier lives, brighter futures, stronger economy, safer communities, caring society, better homes, living peacefully",,
Data Portal,TRUE,main,data-portal.png,database_lookup,TRUE,TRUE,"Access data by theme, time period and geography. Create tables, charts and maps. Download data or access it directly via API",https://data.nisra.gov.uk/,"API, download, themes, NISRA data",,ST feedback implemented
Custom area profiles,TRUE,main,custom-profile.png,geographic,TRUE,TRUE,Define a custom geography and view statistics for your selected area,https://explore.nisra.gov.uk/custom-profiles/#map,"map builder, area builder, area demographics,  custom area,",,
Deprivation in Northern Ireland,,main,deprivation.png,equality_deprivation,,TRUE,Find out about deprivation in any local neighbourhood or council,,"deprivation, deprived, mdm, council, neighbourhood, multiple deprivation measure,",,
Census flexible table builder,TRUE,main,table-builder.png,database_lookup,TRUE,TRUE,"Create and download your own Census 2021 tables, or search and customise ready-made tables.",https://build.nisra.gov.uk/en/,"Census, Census 2021, census data, census tables,",,
Find my area,TRUE,main,postcode.png,database_lookup,TRUE,TRUE,Enter a postcode to see the administrative and statistical areas it sits within,https://explore.nisra.gov.uk/postcode-search/,"postcode, postcode search, postcode lookup, HSCT, health trust, assembly area, council, lgd, district electoral area, dea, ward, electoral ward, super data zone, sdz, data zone, dz, super output area, soa, small area, urban, rural, settlement",,
"Social, economic and environmental indicators",TRUE,main,seei.png,policy_specific,TRUE,TRUE,"View indicators relating to social, economic and environmental change",https://visual.nisra.gov.uk/?body=entity/teo,"migration, earnings, pay, income, prejudice, belonging, respect, international reputation, border crossings,",,
Racial equality indicators,,main,,theme,TRUE,TRUE,Explore data which monitors the progress of the Racial Equality Strategy,https://explore.nisra.gov.uk/racial-equality-indicators/,"racial, race, ethnicity, equality",,Ready to be promoted?
Historical data explorer,TRUE,main,ceph-data.jpg,database_lookup,TRUE,TRUE,"Historical data on business, crime, education, transport, the environment and more. ",https://explore.nisra.gov.uk/ni-historical-data/,,,
Weekly deaths,TRUE,people_communities,,theme,TRUE,TRUE,"Compare registered deaths with expected deaths. Explore flu or COVID-19 deaths. View charts, tables, maps.",https://explore.nisra.gov.uk/weekly-deaths/,"flu, pneumonia, registered deaths, death occurrences",,MT happy with Vital Stats products
Baby names,TRUE,people_communities,,theme,TRUE,TRUE,Investigate popular names now and over time. Look at trends in names of your choice. View tables and charts.,https://datavis.nisra.gov.uk/vitalStatistics/baby-names-dashboard.html,"baby names, popular names, name search",,MT happy with Vital Stats products
Census through the ages,TRUE,people_communities,,theme,,,"Read about people, households and ages from Census 2021",https://nicensus2021.shinyapps.io/census-through-the-ages/,"Census, population, households, population age, scrollytelling",,
Population estimates 2022,TRUE,people_communities,,theme,,,Explore population data from 2001 to 2022. View and filter charts and tables.,https://nisrapopstatsdashboard.shinyapps.io/MYE_Dashboard_2022/,"population, migration, natural change, council population, population change, population structure, population age",,Use this now and replace with population dashboard when ready?
Rural data hub,TRUE,people_communities,,theme,,,"Build your own area by selecting small geographies on the map. View maps and tables of demographic, education, economic and health data.",https://daera-sasb.github.io/Rural-Data-Hub/create.html,"Rural, urban, map builder, geographic data",,
Economic overview,TRUE,business_economy_trade,,theme,TRUE,TRUE,"View charts showing key economic indicators. Economic output, labour market and business.",https://datavis.nisra.gov.uk/economy-and-labour-market/economic-overview.html,"Economic indicators, economy, business data, labour market, employment, NICEI, composite economic index, GVA, gross value added index, imports, exports, sales, turnover, economic inactivity, jobs, index of services, index of production, construction, earnings, r&d, research and development",,
Economic quarterly output,TRUE,business_economy_trade,,theme,TRUE,TRUE,"View NI Composite Economic Index (NICEI) for each sector. Quarterly, annual and annualised figures. View charts and download and view tables",https://datavis.nisra.gov.uk/economy-and-labour-market/economic-output-quarterly.html,"economic output, NICEI, services, production, manufacturing, construction, retail",,
Monthly trade in goods,TRUE,business_economy_trade,,theme,,,"Explore goods imported to and exported from NI. Details on products, countries and trading partners. View charts and tables",https://datavis.nisra.gov.uk/economy-and-labour-market/trade-dashboard.html,"trade, trade partners, trade products, export, import",,
Economic trade statistics,TRUE,business_economy_trade,,theme,,TRUE,"View goods and services imported and exported. Annual figures on value, partners and industry. Charts, maps and tables.",https://visual.nisra.gov.uk/?body=entity/niets,"NIETS, Northern Ireland Economic Trade Statistics, BESES, broad economy sales and exports statistics, trade in goods and services, business, trade",,
Food and drink processing sector,TRUE,business_economy_trade,,theme,,TRUE,Employment and turnover in food and drink processing sector. Data for sub-sectors. View table and charts. Download data.,https://datavis.nisra.gov.uk/daera/food-drink-processing-sector.html#northern-ireland-food-drink-processing-sector-dashboard,"food and drink, animal by-products, bakeries, beef, sheepmeap, drinks, eggs, fish, fruit and vegetables, milk, dairy, pigmeat, poultry",,Out of date? 1989-2022
Tourism alternative data,TRUE,business_economy_trade,,theme,,,Tourism data and impact of COVID-19,https://datavis.nisra.gov.uk/tourism/alternative_sources.html,"tourism, accommodation, air passengers, trips, holidays, travel, cruise ships",,? Out  of date? Up to 2022
Nation Brands Index,TRUE,business_economy_trade,,theme,,,"Explore Northern Ireland's international reputation across 6 dimensions. See ranks and scores. Charts, tables and maps.",https://datavis.nisra.gov.uk/executiveofficeni/nation-brands-index.html,"NI reputation, northern ireland reputation, nation brands index, exposure to NI, familiarity with NI, favourability towards NI, visited NI",,
Northern Ireland Executive spending,TRUE,business_economy_trade,,theme,TRUE,TRUE,View public spending by department over past 9 years. Quick read and full analysis available. Charts and download.,https://explore.nisra.gov.uk/ni-executive-spending/,"executive spending, public spending, public services spending, public services cost, benefits, pensions, investment, AME, DEL",,
Overview of NI trade with GB,TRUE,business_economy_trade,,theme,TRUE,TRUE,Slide pack providing an overview on trade in goods between Northern Ireland and Great Britain. Published on 4 April 2023.,https://www.nisra.gov.uk/publications/overview-northern-ireland-trade-great-britain,,,"? Slide deck, published 2023"
Economy and labour market summary,TRUE,business_economy_trade,,theme,,,High-level statistical summary of the economy and labour market. Slide deck.,https://www.nisra.gov.uk/publications/ni-economy-and-labour-market-summary-key-statistics,"economic activity, business activity, businesses, service sector, manufacturing, construction, finance, jobs, innovation, r&d, research and development",,
Imports and exports of goods,TRUE,business_economy_trade,,theme,,,Explore trade in goods between regions of the UK and rest of the world. HRMC data. Maps and charts.,https://uktradeingoodsmap.nisra.gov.uk/?reporter=NI&partner&commodity&year=2024,"goods, imports, exports, commodiities, partners, trade balance",,
Legal Services Agency operational activity dashboard,TRUE,crime_justice,,theme,,,"Legal Services Agency management information. Payments and non payments. Charts, tables.",https://datavis.nisra.gov.uk/lsani/LSANI-Performance-dashboard-2025-26.html,"civil payment, criminal payment, criminal applications, emergency applications, appeals, processing times",,Management information.
Higher education enrolments,TRUE,education_skills,,theme,,,"Explore university enrolments. Institutions, subjects and students. Interactive tables",https://datavis.nisra.gov.uk/economy/higher-education-enrolments-2324-interactive-tables.html,"HE, higher education, university, enrolments, STEM, undergraduate, postgraduate, students, HE subjects, degree subjects",,? 2023-24
Higher education qualifications,TRUE,education_skills,,theme,,,"Explore university qualifications of students from NI and studying in NI. Students, subjects, institutions and awards. Interactive tables.",https://datavis.nisra.gov.uk/economy/higher-education-qualifications-2324-interactive-tables.html,"HE, higher education, university, qualifications, STEM, undergraduate, postgraduate, students, degree classifications",,? 2023-24
Further education outcomes,TRUE,education_skills,,theme,,,"Next steps for those gaining an FE qualification. Employment, learning, unemployment. Charts.",https://datavis.nisra.gov.uk/economy/Further-Education-Outcomes-Dashboard-2023-24.html,"further education, college education, apprenticeship, essential skills, STEM, ESOL, english for speakers of other languages",,? 2023-24
Quality and outcomes framework,TRUE,health,,theme,,,GP practice performance against quality of care indicators.  Points and achievement rates. Charts,https://datavis.nisra.gov.uk/health/ni-qof-achievement.html#achievement,,,? 2022-23 (discontinued)
Disease prevalence dashboard,TRUE,health,,theme,,,"Prevalence of disease per 1,000 patients. Analyse by time and region. Charts and downloadable tables.",https://datavis.nisra.gov.uk/health/ni-raw-disease-prevalence-trends.html,"raw disease rates, raw disease, asthma, COPD, atrial fibrillation, cancer, kidney disease, coronary heart disease, dementia, diabetes, heart failure, hypertension, mental health, stroke, TIA",,
Emergency care waiting times,TRUE,health,,theme,,,"View patient waiting times at emergency departments. By hospital and Trust. Interactive tables and charts, download data",https://datavis.nisra.gov.uk/health/ni-emergency-care-waiting-times-data-apr-jun-26.html#table,"emergency care, A&E, waiting times, emergency department",,
Hospital statistics: acute episode-based activity,TRUE,health,,theme,,,"Inpatient and day case acute hospital admissions in 2022/23. Key statistics, charts and tables.",https://datavis.nisra.gov.uk/health/ni-acute-episode-based-activity-stats-22-23.html,"hospital, day case, inpatient, admission, discharge",,? Out of date? 2022-23
Mental health and learning disability inpatient statistics,TRUE,health,,theme,,,Patients admitted to hospital under the Mental Health and Learning Disability programmes of care in 2023/24. Charts and tables,https://datavis.nisra.gov.uk/health/ni-acute-episode-based-activity-stats-22-23.html,,,? Out of date? 2023-24
Health inequalities dashboard,TRUE,health,,theme,,,"Explore health inequalities and deprivation. NI, health trust and council. Charts and tables.",https://datavis.nisra.gov.uk/health/health-inequalities-dashboard.html,"life expectancy, premature mortality, disease, hospital activity, mental health, alcohol, smoking, drugs, pregnancy, childhood BMI, dental health",,
Prescription cost 2024 dashboard,TRUE,health,,theme,,,"Explore 2024 prescription items and costs. Time trends and by conditions. Tables, charts, download data",https://datavis.nisra.gov.uk/bso/pca-dashboard-2024.html,,,
Prescription cost 2025 dashboard,TRUE,health,,theme,,,"Explore 2025 prescription items and costs. Time trends and by conditions. Tables, charts, download data",https://datavis.nisra.gov.uk/bso/pca-dashboard-2025.html,"prescriptions, drugs, pharmaceutical, BNF, british national formulary, medicine, drug tariff",,
Smoking cessation dashboard,TRUE,health,,theme,,,"Success rates for people using smoking cessation services. Progress at 4 and 52 weeks. Charts, tables.",https://datavis.nisra.gov.uk/health/smoking-cessation-dashboard.html,"smoking, quit smoking, quit date, smoker, tobacco",,
Sodium valproate and topiramate monitoring,TRUE,health,,theme,,,Monitoring medicines identified as having potentially harmful effects to neonates if taken during pregnancy or prior to conception.,https://datavis.nisra.gov.uk/bso/sodium-valproate-and-topiramate-monitoring-dashboard.html,"medicine, MHRA, safe use",,
Road network and condition dashboard,TRUE,transport,,theme,,,"Data on road length, road condition and surface defects. View by council. Charts and maps.",https://visual.nisra.gov.uk/?body=entity/roads,"roads, motorway, A road, B road, C road, scanner, road condition index, RCI",,
Local Authority collected waste dashboard,TRUE,transport,,theme,,,"Tonnes of waste collected and managed by councils. Recycling, composting, landfill etc. Charts.",https://datavis.nisra.gov.uk/daera/northern-ireland-waste-management-statistics.html#tonnes-collected,"waste, waste management, recycling, reuse, compost, landfill, energy recovery, household waste, municipal waste",,
Livestock dashboard,TRUE,transport,,theme,,,Data on livestock numbers from 1923 to 2019. Tables and charts.,https://datavis.nisra.gov.uk/daera/northern-ireland-livestock.html,"cattle, cows, sheep, ewes, goats, pigs, poultry, chickens, turkeys, horses, ponies, mules, jennets, donkeys, asses",Farmsurvey.PED@daera-ni.gov.uk,? Out of date?
Greenhouse gas inventory,TRUE,transport,,theme,TRUE,TRUE,"Greenhouse gas emissions since 1990. View emissions from different sectors and over time. Charts, download data.",https://explore.nisra.gov.uk/northern-ireland-greenhouse-gas-inventory/,"greenhouse gas, climate change, net zero, carbon dioxide, methane",,
Road safety strategy dashboard,TRUE,transport,,theme,,,"People killed or seriously injured from road traffic collisions. Progress towards strategic targets. Charts, maps",https://datavis.nisra.gov.uk/infrastructure/RSS2030_targets_2024.html,"road traffic accidents, traffic collisions, road fatalities, car accidents, motorbike accidents, KSI, killed or seriously injured, NIRSS",,
Energy strategy dashboard,TRUE,transport,,theme,,,"Energy savings, renewable energy and green economy. 2030 targets and progress. Key statistics, charts",https://datavis.nisra.gov.uk/economy/Energy_Strategy_Dashboard_202601.html,"energy, green energy, green economy, renewables, greenhouse gas, household bills, fuel poverty, gas prices, electricity prices, energy use",,
Labour market dashboard,TRUE,work_pay,,theme,,,"Employment, unemployment and economic inactivity rates. View by sex and age. Charts, tables, download data.",https://datavis.nisra.gov.uk/economy-and-labour-market/labour-market-interactive.html#employment,"employment rate, unemployment rate, economic inactivity, labour force survey, LFS",,
Labour market by age,TRUE,work_pay,,theme,,,"Employment, unemployment and economic inactivity by age group. Charts and tables.",https://datavis.nisra.gov.uk/economy-and-labour-market/labour-market-by-age.html,"employment rate, unemployment rate, economic inactivity, employed, unemployed, retired",,? Out of date? 1995-2021
Local labour market insight dashboard,TRUE,work_pay,,theme,,,"Explore employment, qualifications and skills, and information on businesses in each council. Charts, maps.",https://datavis.nisra.gov.uk/communities/local-lmi-dashboard.html,"employment, unemployment, economically inactive, qualifications, skills, GDP, gross domestic product, productivity, business births, business deaths, businesses, LFS, labour force survey",,
Employee pay by occupation and industry,TRUE,work_pay,,theme,,,See how full-time pay in 2021 compares with 2019. View by occupation and industry sector. Charts.,https://datavis.nisra.gov.uk/economy-and-labour-market/earnings-by-occupation-industry-2021.html,"earnings, wages, pay, ",economicstats@nisra.gov.uk,Out of date - 2021
Annual survey of hours and earnings,TRUE,work_pay,,theme,,,"Hourly, weekly and annual earnings. View by sex and work pattern (full or part time). Charts and maps.",https://visual.nisra.gov.uk/?body=entity/ashe,"ASHE, earnings, pay, working pattern, gross earnings, ",economicstats@nisra.gov.uk,
Real earnings in Northern Ireland,TRUE,work_pay,,theme,,,See how changes in earnings and changes in prices have changed over 10 years. Data visualisation.,https://nisravis.shinyapps.io/ni_real_earnings_2022/,"real earnings, nominal earnings, pay, inflation",economicstats@nisra.gov.uk,Out of date? 2022. Scrollytelling
Family practitioner services key facts,TRUE,health,,theme,,,"GP, dental, opthalmic and pharmaceutical services. Patients, practices and payments. Charts, maps and key statistics.",https://datavis.nisra.gov.uk/bso/2526-key-facts-dashboard.html,"general practice, GPs, dentist, optician, opthamologist, pharmacy, chemist, ",Aileen.Gordon@hscni.net,
Substance use strategy dashboard,TRUE,health,,theme,,,View data relating to the strategic framework to tackle the harm from substance use. ,https://datavis.nisra.gov.uk/health/substance-use-strategy-indicators-dashboard.html,"alcohol, drugs, substance abuse, treatment, support services, recovery, harm",phirb@health-ni.gov.uk,
Distance to nearest dental practice,TRUE,health,,theme,,,See the average distance to the nearest dental practice for wards in Northern Ireland. Interactive map.,https://datavis.nisra.gov.uk/bso/distance-to-nearest-dental-practice-26.html,"dentist, dental practice, distance",,
Distance to nearest opthalmic practice,TRUE,health,,theme,,,See the average distance to the nearest opthalmic practice for wards in Northern Ireland. Interactive map.,https://datavis.nisra.gov.uk/bso/distance-to-nearest-ophthalmic-practice-21.html,"opthamologist, opthamology, optician, primary care",,Out of date? 2021
Health and social care vacancies being recruited,TRUE,health,,theme,,,"Explore vacancies in health and social care. View by pay band, profession, organisation and more. ",https://datavis.nisra.gov.uk/health/ni-active-recruitment-statistics-interactive.html,"HSC vacancies, staff, recruitment, medical, dental, ambulance, estates, nurse, nursing, midwife, midwifery, social services,  support services, doctor, consultant, social care, social worker, health profession, physiotherapist",workforcestatistics@health-ni.gov.uk,
HSC workforce census,TRUE,health,,theme,,,"Details on the health and social care workforce. View time trends, and demographics. Charts and tables.",https://datavis.nisra.gov.uk/health/ni-workforce-census-interactive-2024.html,"HSC vacancies, staff, recruitment, medical, dental, ambulance, estates, nurse, nursing, midwife, midwifery, social services,  support services, doctor, consultant, social care, social worker, health profession, physiotherapist",,Out of date? updated August 2024
Health and social care workforce census,TRUE,health,,theme,,,"Trends in health and social care workforce over 5 years. Data by trust, age group, gender and more. Tables and charts",https://datavis.nisra.gov.uk/health/ni-workforce-census-interactive-trends-2025.html,"health professionals, dietitian, occupational therapist, orthoptist, paramedic, physiotherapist, podiatrist, radiographer, speech and language, ambulance, estate services, medical, dental, doctor, nurse, midwife, social services, clerical",workforcestatistics@health-ni.gov.uk,
